File,LOC,SLOC-P,SLOC-L,MVG,BLOC,C&SLOC,CLOC,CWORD,HCLOC,HCWORD
E:\GIT\CompilerDesign\src\LocMetrics.css,1,1,6,0,0,0,0,0,0,0
E:\GIT\CompilerDesign\src\LocMetrics.html,1,1,0,0,0,0,0,0,0,0
E:\GIT\CompilerDesign\src\LocMetricsCommentWords.csv,720,718,4,3,1,1,1,2,0,0
E:\GIT\CompilerDesign\src\LocMetricsFiles.csv,27,26,0,0,1,0,0,0,0,0
E:\GIT\CompilerDesign\src\LocMetricsFolders.csv,11,10,0,0,1,0,0,0,0,0
E:\GIT\CompilerDesign\src\LocMetricsFunctions.csv,2,1,0,0,1,0,0,0,0,0
E:\GIT\CompilerDesign\src\LocMetricsFunctions.html,1,1,0,0,0,0,0,0,0,0
E:\GIT\CompilerDesign\src\LocMetricsPie.jpg,77,77,47,0,0,0,0,0,0,0
E:\GIT\CompilerDesign\src\LocMetricsPie.png,13,13,7,0,0,0,0,0,0,0
E:\GIT\CompilerDesign\src\compiler\TestCase.java,6,3,2,0,3,0,0,0,0,0
E:\GIT\CompilerDesign\src\compiler\codeGeneration\MoonCode.java,9,7,6,0,2,0,0,0,0,0
E:\GIT\CompilerDesign\src\compiler\codeGeneration\MoonData.java,9,7,6,0,2,0,0,0,0,0
E:\GIT\CompilerDesign\src\compiler\designer\CodeGenDriver.java,75,43,36,2,14,0,18,73,0,0
E:\GIT\CompilerDesign\src\compiler\designer\LexicalDriver.java,55,32,27,1,12,0,11,38,0,0
E:\GIT\CompilerDesign\src\compiler\designer\SemanticsDriver.java,46,23,20,0,9,0,14,47,0,0
E:\GIT\CompilerDesign\src\compiler\designer\SyntacticDriver.java,40,17,14,0,12,0,11,38,0,0
E:\GIT\CompilerDesign\src\compiler\lexer\Lexer.java,816,704,480,97,43,2,69,238,0,0
E:\GIT\CompilerDesign\src\compiler\lexer\Token.java,71,44,31,5,15,4,12,70,0,0
E:\GIT\CompilerDesign\src\compiler\lexer\TokenType.java,46,32,32,0,13,0,1,1,0,0
E:\GIT\CompilerDesign\src\compiler\semantics\SemanticAnalysis.java,1270,1085,720,247,75,2,110,500,0,0
E:\GIT\CompilerDesign\src\compiler\semantics\Symbol.java,179,128,92,17,44,4,7,68,0,0
E:\GIT\CompilerDesign\src\compiler\semantics\SymbolTable.java,49,34,25,4,12,0,3,28,0,0
E:\GIT\CompilerDesign\src\compiler\syntacticAnalysis\FirstAndFollw.java,136,114,94,24,13,0,9,71,0,0
E:\GIT\CompilerDesign\src\compiler\syntacticAnalysis\SynatcticParser.java,1883,1446,998,501,79,0,358,1238,0,0
E:\GIT\CompilerDesign\src\compiler\utils\PrintUtil.java,153,118,91,13,21,0,14,46,0,0
